estacion,n,RMSE,MAE,Bias,Cor_Pearson,Cor_Spearman,producto
Belisario,6794,0.9937899747356932,0.8442584183995925,-0.7791134103052934,0.8534892792215678,0.8479800617719404,ERA5
Carapungo,6776,0.6178068287019242,0.4923156043567087,0.1271307326276004,0.813924670661869,0.8002812045348415,ERA5
Cotocollao,6762,1.0641931504677893,0.9308072797602247,0.9036358614771569,0.8320462584579748,0.8195656935780117,ERA5
LosChillos,6771,2.762034000161664,2.6766609834092896,-2.669600484895808,0.7974562631188052,0.7981796575835128,ERA5
Tumbaco,6747,3.2587315956362715,3.147148713328454,-3.136590341231421,0.7226331531482388,0.7429857594944005,ERA5
