estacion,n,RMSE,MAE,Bias,Cor_Pearson,Cor_Spearman,producto
Belisario,6794,3.559082537111031,3.4733488790909233,3.4733488790909233,0.7598852238513361,0.7529705764884929,MERRA2
Carapungo,6776,2.832682830475361,2.7516942711271293,2.7515844449268143,0.7594813821905531,0.7535279210859541,MERRA2
Cotocollao,6762,3.5865998939994603,3.5275957928149477,3.5275957928149477,0.7642859319812801,0.758747921731766,MERRA2
LosChillos,6771,1.8894690224996045,1.6945633100062947,-1.6468172608767069,0.6154999209173643,0.6024681556071677,MERRA2
Tumbaco,6747,6.509856510530017,6.325668552202054,-6.325668552202054,0.13809467177009477,0.14187589727134084,MERRA2
